序号,链接,节点数
0,https://6TGWGl.mcsslk.xyz/853fc60a14278abdaeaed8426b991b57,0
1,https://gist.githubusercontent.com/peasoft/7907a8ee2a4fa5e80cd1bd006664442c/raw/,0
2,https://gitlab.com/colloq168/nodefiltrate/-/raw/main/filtrate?ref_type=heads,164
3,https://h33tsy.absslk.xyz/c9c7758a77be4cf0e802b011816db544,0
4,https://raw.githubusercontent.com/Alvin9999/pac2/master/clash.meta2/1/config.yaml,0
5,https://raw.githubusercontent.com/Alvin9999/pac2/master/clash.meta2/13/config.yaml,0
6,https://raw.githubusercontent.com/Alvin9999/pac2/master/clash.meta2/15/config.yaml,0
7,https://raw.githubusercontent.com/Alvin9999/pac2/master/clash.meta2/2/config.yaml,0
8,https://raw.githubusercontent.com/Alvin9999/pac2/master/clash.meta2/config.yaml,0
9,https://raw.githubusercontent.com/Huibq/TrojanLinks/master/links/vmess,0
10,https://raw.githubusercontent.com/Surfboardv2ray/TGParse/main/python/hy2,1
11,https://raw.githubusercontent.com/Surfboardv2ray/TGParse/main/python/hysteria2,32
12,https://raw.githubusercontent.com/qjlxg/hy2/main/splitted/hy2,17
13,https://raw.githubusercontent.com/ripaojiedian/freenode/main/clash,26
14,https://raw.githubusercontent.com/ripaojiedian/freenode/main/sub,27
15,https://raw.githubusercontent.com/zhangkaiitugithub/passcro/main/speednodes.yaml,201

总计,,443
